Lp.;Tytuł;Autor;Rok wydania;Liczba stron;Gatunek;;;;;
1.  ;7 dni;Ainsworth Eve;2015;244;literatura młodzieżowa;;;;;
2.  ;13 powodów;Asher Jay;2017;272;literatura młodzieżowa;;;;;
3.  ;Pan Popper i jego pingwiny;Atwater Richard i Florence;2006;101;literatura dziecięca;;;;;
4.  ;Dzieci ziemi, tom 1, Klan Niedźwiedzia Jaskniowego;Auel Jean M.;2009;629;fikcja historyczna;;;;;
5.  ;Dzieci ziemi, tom 2, Dolina koni;Auel Jean M.;2011;734;fikcja historyczna;;;;;
6.  ;Dzieci ziemi, tom 3, Łowcy mamutów;Auel Jean M.;2011;876;fikcja historyczna;;;;;
7.  ;Dzieci ziemi, tom 4, Wielka wędrówka;Auel Jean M.;2011;1030;fikcja historyczna;;;;;
8.  ;Dzieci ziemi, tom 5, Kamienne sadyby;Auel Jean M.;2011;1097;fikcja historyczna;;;;;
9.  ;Dzieci ziemi, tom 6, Kraina jaskiń;Auel Jean M.;2011;926;fikcja historyczna;;;;;
10.  ;Czerwona królowa;Aveyard Victoria;2015;478;fantastyka młodzieżowa;;;;;
11.  ;Czerwona królowa, tom 2, Szklany miecz ;Aveyard Victoria;2016;556;fantastyka młodzieżowa;;;;;
22.  ;Ulysses Moore, tom 05, Kamienni strażnicy;Baccalario Pierdomenico;2007;286;fantastyka dziecięca;;;;;
23.  ;Ulysses Moore, tom 06, Pierwszy klucz;Baccalario Pierdomenico;2007;293;fantastyka dziecięca;;;;;
13.  ;Century, tom 2, Kamienna gwiazda;Baccalario Pierdomenico;2008;301;fantastyka dziecięca;;;;;
14.  ;Century, tom 3, Miasto wiatru;Baccalario Pierdomenico;2008;297;fantastyka dziecięca;;;;;
15.  ;Century, tom 4, Pierwotne źródło;Baccalario Pierdomenico;2008;319;fantastyka dziecięca;;;;;
12.  ;Century, tom 1, Ognisty pierścień;Baccalario Pierdomenico;2009;339;fantastyka dziecięca;;;;;
31.  ;Willy Moogley - Agencja duchów, tom 1, Pięciowidmowy hotel;Baccalario Pierdomenico;2009;156;fantastyka dziecięca;;;;;
32.  ;Willy Moogley - Agencja duchów, tom 3, Duch drapacza chmur;Baccalario Pierdomenico;2009;158;fantastyka dziecięca;;;;;
33.  ;Willy Moogley - Agencja duchów, tom 3, Duch drapacza chmur;Baccalario Pierdomenico;2009;158;fantastyka dziecięca;;;;;
27.  ;Ulysses Moore, tom 09, Labirynt cienia;Baccalario Pierdomenico;2010;314;fantastyka dziecięca;;;;;
28.  ;Ulysses Moore, tom 10, Lodowa kraina;Baccalario Pierdomenico;2010;287;fantastyka dziecięca;;;;;
18.  ;Ulysses Moore, tom 01, Wrota czasu;Baccalario Pierdomenico;2011;221;fantastyka dziecięca;;;;;
19.  ;Ulysses Moore, tom 02, Antykwariat ze starymi mapami;Baccalario Pierdomenico;2011;253;fantastyka dziecięca;;;;;
20.  ;Ulysses Moore, tom 03, Dom luster;Baccalario Pierdomenico;2011;244;fantastyka dziecięca;;;;;
21.  ;Ulysses Moore, tom 04, Wyspa masek;Baccalario Pierdomenico;2011;279;fantastyka dziecięca;;;;;
24.  ;Ulysses Moore, tom 07, Ukryte miasto;Baccalario Pierdomenico;2011;290;fantastyka dziecięca;;;;;
25.  ;Ulysses Moore, tom 08, Mistrz piorunów;Baccalario Pierdomenico;2011;248;fantastyka dziecięca;;;;;
26.  ;Ulysses Moore, tom 08, Mistrz piorunów;Baccalario Pierdomenico;2011;248;fantastyka dziecięca;;;;;
29.  ;Ulysses Moore, tom 11, Ogród popiołu;Baccalario Pierdomenico;2011;283;fantastyka dziecięca;;;;;
30.  ;Ulysses Moore, tom 12, Klub podróżników w wyobraźni;Baccalario Pierdomenico;2011;299;fantastyka dziecięca;;;;;
16.  ;Na tropie sensacji, tom 2, Magiczna zagadka;Baccalario Pierdomenico;2012;170;fantastyka dziecięca;;;;;
17.  ;Na tropie sensacji, tom 3, Skradziony obraz;Baccalario Pierdomenico;2012;165;fantastyka dziecięca;;;;;
34.  ;Przybornik - etyka;Baggini Julian, Fosl Peter S.;2010;327;filozofia, etyka;;;;;
35.  ;Telemach w dżinsach;Bahdaj Adam;2015;271;literatura dziecięca;;;;;
36.  ;Bajka na biegunch;Bardijewski Henryk;2008;67;literatura dziecięca;;;;;
37.  ;Szóstka wron, tom 2, Królestwo kanciarzy;Bardugo Leigh;2017;578;fantastyka młodzieżowa;;;;;
38.  ;Przygody Piotrusia Pana;Barrie James Matthew;2005;148;literatura dziecięca;;;;;
39.  ;Czarnoksiężnik z krainy Oz;Baum Lyman Frank;2003;114;literatura dziecięca;;;;;
40.  ;Najlepsza książka w Polsce;Bąk Jolanta;2010;175;literatura dziecięca;;;;;
41.  ;Dzieje Tristana i Izoldy;Bedier J.;2010;93;klasyka;;;;;
42.  ;Pieśń o Rolandzie;Bedier J.;2010;87;klasyka;;;;;
43.  ;Żółty smok - baśnie chińskie;Beszczyńska Zofia;2008;557;literatura dziecięca;;;;;
44.  ;Klementyna lubi kolor czerwony;Boglar Krystyna;2006;197;literatura dziecięca;;;;;
45.  ;Ewilan z dwóch światów, tom 1, Wyprawa;Bottero Pierre;2009;281;fantastyka dziecięca;;;;;
46.  ;Ewilan z dwóch światów, tom 2, Granice lodu;Bottero Pierre;2010;306;fantastyka dziecięca;;;;;
47.  ;Ewilan z dwóch światów, tom 3, Wyspa przeznaczenia;Bottero Pierre;2011;312;fantastyka dziecięca;;;;;
48.  ;Flawia de Luce, tom 1, Zatrute ciasteczko;Bradley Alan;2010;363;kryminał;;;;;
49.  ;Flawia de Luce, tom 2, Badyl na katowski wór;Bradley Alan;2010;359;kryminał;;;;;
50.  ;Flawia de Luce, tom 3, Ucho od śledzia w śmietanie;Bradley Alan;2011;384;kryminał;;;;;
51.  ;Flawia de Luce, tom 4, Tych cieni oczy znieść nie mogą;Bradley Alan;2012;273;kryminał;;;;;
52.  ;Flawia de Luce, tom 5, Gdzie się cis nad grobem schyla ;Bradley Alan;2014;326;kryminał;;;;;
53.  ;Flawia de Luce, tom 6, Obelisk kładzie się cieniem;Bradley Alan;2015;275;kryminał;;;;;
54.  ;Flawia de Luce, tom 7, Jak kominarzy śmierć w proch zmieni;Bradley Alan;2017;359;kryminał;;;;;
55.  ;Stowarzyszenie wędrujących dżinsów;Brashares Ann;2001;319;literatura młodzieżowa;;;;;
56.  ;Dziewięć żyć Chloe King, tom 1, Upadła;Braswell Liz ;2013;286;fantastyka młodzieżowa;;;;;
57.  ;Jak cało i zdrowo przyszedłem na świat;Breinholst Willy;1989;115;inne;;;;;
58.  ;Upiór w szkole;Brezina Thomas;2007;165;literatura młodzieżowa;;;;;
59.  ;Jak się nie bać ortografii?;Brykczyński Marcin;2009;70;inne;;;;;
60.  ;Akademia pana Kleksa;Brzechwa Jan;2004;133;literatura dziecięca;;;;;
63.  ;Tajemniczy ogród;Burnett Frances Hodgson;2004;253;literatura dziecięca;;;;;
61.  ;Mała księżnizka;Burnett Frances Hodgson;2006;197;literatura dziecięca;;;;;
62.  ;Tajemniczy ogród;Burnett Frances Hodgson;2010;344;literatura dziecięca;;;;;
64.  ;Wielka ilustrowana encyklopedia przyrody;Burnie David;2006;307;inne;;;;;
65.  ;39 wskazówek, tom 5, Czarny krąg;Carman Patric;2013;175;fantastyka dziecięca;;;;;
66.  ;Alicja w Krainie Czarów;Carroll Lewis;1988;223;klasyka;;;;;
67.  ;Dziewczyna ognia i cierni;Carson Rae;2015;414;fantastyka młodzieżowa;;;;;
69.  ;Selekcja, tom 1, Rywalki;Cass Kiera;2014;333;literatura młodzieżowa;;;;;
70.  ;Selekcja, tom 2, Elita;Cass Kiera;2014;326;literatura młodzieżowa;;;;;
71.  ;Selekcja, tom 3, Jedyna;Cass Kiera;2014;329;literatura młodzieżowa;;;;;
68.  ;Następczyni ;Cass Kiera;2015;359;literatura młodzieżowa;;;;;
72.  ;Akademia dobra i zła;Chainani Soman;2015;496;fantastyka dziecięca;;;;;
73.  ;Muzyka pana Szymanowskiego;Chotomska Wanda;2007;47;wiersze dziecięce;;;;;
74.  ;Remanent;Chotomska Wanda;2007;53;wiersze dziecięce;;;;;
75.  ;Rodzinna herbatka;Chotomska Wanda;2009;51;wiersze dziecięce;;;;;
76.  ;Tajemnica siedmiu zegarów;Christie Agatha;2006;264;kryminał;;;;;
77.  ;Próba żelaza;Clare Cassandra;2015;350;fantastyka dziecięca;;;;;
78.  ;Chłopak, który zniknął;Clements Andrew;2008;252;literatura młodzieżowa;;;;;
79.  ;Beta;Cohn Rachel;2013;316;literatura młodzieżowa;;;;;
80.  ;Beta, tom 2, Nowe pokolenie;Cohn Rachel;2016;260;literatura młodzieżowa;;;;;
83.  ;W pierścieniu ognia;Collins Susan;2009;359;fantastyka młodzieżowa;;;;;
82.  ;Kosogłos;Collins Susan;2010;371;fantastyka młodzieżowa;;;;;
81.  ;Igrzyska śmierci;Collins Susan;2011;351;fantastyka młodzieżowa;;;;;
84.  ;Cukiernia pod pierożkiem z wiśniami;Compton Clare;2007;278;literatura dziecięca;;;;;
85.  ;7 nawyków skutecznego nastolatka;Covey Sean;2011;323;inne;;;;;
86.  ;Podróże furmana Szejtroczka i O gajowym Chrobotku;Ctvrtek Vaclav;2006;228;literatura dziecięca;;;;;
87.  ;Język francuski dla dzieci;Czechowska Barbara;1975;270;inne;;;;;
88.  ;Charlie i fabryka czekolady;Dahl Roald;2004;187;literatura dziecięca;;;;;
89.  ;Matylda;Dahl Roald;2006;141;literatura dziecięca;;;;;
90.  ;Szkoła strachu;Daneshvari Gitty;2010;324;literatura dziecięca;;;;;
91.  ;Szkoła strachu, tom 2, Jeszcze nie koniec lekcji ;Daneshvari Gitty;2012;271;literatura dziecięca;;;;;
92.  ;Więzień labiryntu;Dashner James;2014;421;fantastyka młodzieżowa;;;;;
93.  ;Serce;de Amicis Edmund;2006;257;literatura dziecięca;;;;;
94.  ;Tobi;De Fombelle Timothee;2008;311;fantastyka dziecięca;;;;;
95.  ;Tobi, tom 2, Oczy Eliszy;De Fombelle Timothee;2009;338;fantastyka dziecięca;;;;;
96.  ;Mały książę;De Saint-Exupery Antoine;1988;83;literatura piękna;;;;;
97.  ;Moje drzewko pomarańczowe;de Vascondelos Jose Mauro;2006;164;literatura dziecięca;;;;;
98.  ;Strrraszna historia, Ci niewiarygodni Inkowie;Deary Terry;2011;127;literatura dziecięca;;;;;
99.  ;Strażnicy historii, tom 1, Nadciąga burza;Dibben Damian;2012;328;fantastyka młodzieżowa;;;;;
100.  ;Strażnicy historii, tom 2, Circus maximus;Dibben Damian;2013;332;fantastyka młodzieżowa;;;;;
101.  ;Strażnicy historii, tom 3, Chiński ekspres;Dibben Damian;2014;303;fantastyka młodzieżowa;;;;;
102.  ;Człowiek z wysokego zamku;Dick Philip K.;2017;330;fantastyka naukowa;;;;;
104.  ;Studium w szkarłacie;Doyle Arthur Conan;2013;178;kryminał;;;;;
103.  ;Księga wszystkich dokonań Sherlocka Holmesa;Doyle Arthur Conan;2014;1119;kryminał;;;;;
105.  ;Kot Prot;Dr. Seuss;2003;77;literatura dziecięca;;;;;
109.  ;Słoń, który wysiedział jajko;Dr. Seuss;2003;63;literatura dziecięca;;;;;
106.  ;Kot Prot znów gotów do psot!;Dr. Seuss;2004;79;literatura dziecięca;;;;;
107.  ;Kto zje zielone jajka sadzone?;Dr. Seuss;2004;71;literatura dziecięca;;;;;
108.  ;Na każde pytanie odpowie czytanie!;Dr. Seuss;2005;45;literatura dziecięca;;;;;
110.  ;Ocalona;Duncan Alexandra;2014;478;fantastyka młodzieżowa;;;;;
111.  ;Imię róży;Eco Umberto;2006;497;literatura piękna;;;;;
112.  ;Black out;Elsberg Marc;2015;779;thriller;;;;;
114.  ;Zero;Elsberg Marc;2016;488;thriller;;;;;
113.  ;Helisa;Elsberg Marc;2017;669;thriller;;;;;
116.  ;Niekończąca się historia;Ende Michael;2006;474;fantastyka dziecięca;;;;;
115.  ;Momo;Ende Michael;2006;222;fantastyka dziecięca;;;;;
117.  ;Lassie wróć!;Eric Knight;2003;151;literatura dziecięca;;;;;
118.  ;Klejnot;Ewing Amy;2015;383;fantastyka młodzieżowa;;;;;
119.  ;Klejnot, tom 2, Biała róża;Ewing Amy;2016;318;fantastyka młodzieżowa;;;;;
124.  ;Zwiadowcy, tom 03, Ziemia skuta lodem;Flanagan John;2009;331;fantastyka młodzieżowa;;;;;
125.  ;Zwiadowcy, tom 04, Bitwa o Skandię;Flanagan John;2010;384;fantastyka młodzieżowa;;;;;
126.  ;Zwiadowcy, tom 05, Czarnoksiężnik z północy;Flanagan John;2010;383;fantastyka młodzieżowa;;;;;
127.  ;Zwiadowcy, tom 06, Oblężenie Marcindaw;Flanagan John;2010;392;fantastyka młodzieżowa;;;;;
128.  ;Zwiadowcy, tom 07, Okup za Eraka;Flanagan John;2010;472;fantastyka młodzieżowa;;;;;
122.  ;Zwiadowcy, tom 01, Ruiny Gorlanu;Flanagan John;2011;319;fantastyka młodzieżowa;;;;;
123.  ;Zwiadowcy, tom 02, Płonący most;Flanagan John;2011;302;fantastyka młodzieżowa;;;;;
129.  ;Zwiadowcy, tom 08, Królowie Clonmelu;Flanagan John;2011;472;fantastyka młodzieżowa;;;;;
120.  ;Drużyna, tom 2, Najeźdźcy;Flanagan John;2012;438;fantastyka młodzieżowa;;;;;
121.  ;Drużyna, tom 3, Pościg;Flanagan John;2012;408;fantastyka młodzieżowa;;;;;
131.  ;Zwiadowcy, tom 10, Cesarz Nihon-Ja;Flanagan John;2012;565;fantastyka młodzieżowa;;;;;
132.  ;Zwiadowcy, tom 11, Zaginione Historie;Flanagan John;2012;511;fantastyka młodzieżowa;;;;;
130.  ;Zwiadowcy, tom 09, Halt w niebezpieczeństwie;Flanagan John;2013;512;fantastyka młodzieżowa;;;;;
133.  ;Zwiadowcy, tom 12, Królewski Zwiadowca;Flanagan John;2013;487;fantastyka młodzieżowa;;;;;
134.  ;Zwiadowcy, Wczesne lata, tom 1, Turniej w Gorlanie;Flanagan John;2015;389;fantastyka młodzieżowa;;;;;
135.  ;Zwiadowcy, Wczesne lata, tom 2, Bitwa na wrzosowiskach;Flanagan John;2016;397;fantastyka młodzieżowa;;;;;
136.  ;Księga labiryntu;Frabetti Carlo;2007;186;literatura dziecięca;;;;;
137.  ;Wielka rozgrywka;Frabetti Carlo;2009;147;literatura dziecięca;;;;;
138.  ;Śluby panieńskie;Fredro Aleksander;2010;164;klasyka;;;;;
139.  ;Endgame, tom 1, Wezwanie;Frey James;2014;496;fantastyka młodzieżowa;;;;;
140.  ;Endgame, tom 2, Klucz niebios;Frey James;2015;503;fantastyka młodzieżowa;;;;;
141.  ;Endgame, tom 3, Reguły gry;Frey James;2017;343;fantastyka młodzieżowa;;;;;
144.  ;Smoczy jeździec;Funke Cornelia;2004;445;fantastyka dziecięca;;;;;
142.  ;Atramentowe serce;Funke Cornelia;2005;498;fantastyka dziecięca;;;;;
143.  ;Atramentowe serce, tom 2, Atramentowa krew;Funke Cornelia;2006;622;fantastyka dziecięca;;;;;
145.  ;Tajemnica Bożego Narodzenia;Gaardner;2006;240;literatura młodzieżowa;;;;;
146.  ;Gwiezdny pył;Gaiman Neil;2016;195;fantasy;;;;;
147.  ;Wielkie czyny szympansa Bajbuna Mądrego;Giżycki Kamil;2006;107;literatura dziecięca;;;;;
149.  ;Metro 2033;Glukhovsky Dimitry;2010;591;science fiction;;;;;
150.  ;Metro 2034;Glukhovsky Dimitry;2010;487;science fiction;;;;;
153.  ;Witajcie w Rosji;Glukhovsky Dimitry;2014;335;science fiction;;;;;
148.  ;Futu.re;Glukhovsky Dimitry;2015;635;science fiction;;;;;
151.  ;Metro 2035;Glukhovsky Dimitry;2015;546;science fiction;;;;;
152.  ;Tekst;Glukhovsky Dimitry;2017;366;thriller;;;;;
154.  ;Władca much;Golding William;2010;245;literatura piękna;;;;;
155.  ;Ferdydurke;Gombrowicz Witold;1986;254;literatura piękna;;;;;
156.  ;Nieznane  przygody Mikołajka;Goscinny Rene;2009;175;literatura dziecięca;;;;;
157.  ;Nowe przygody Mikołajka;Goscinny Rene;2010;625;literatura dziecięca;;;;;
158.  ;Nowe przygody Mikołajka, Kolejna porcja;Goscinny Rene;2012;365;literatura dziecięca;;;;;
159.  ;O czym szumią wierzby;Grahame Kenneth;2005;171;literatura dziecięca;;;;;
160.  ;Mity starożytnej Grecji;Graves Robert;2004;142;klasyka;;;;;
162.  ;Papierowe miasta;Green John;2013;393;literatura młodzieżowa;;;;;
163.  ;Szukając Alaski;Green John;2013;312;literatura młodzieżowa;;;;;
161.  ;19 razy Katherine;Green John;2014;288;literatura młodzieżowa;;;;;
164.  ;Will Grayson, Will Grayson;Green John;2015;353;literatura młodzieżowa;;;;;
165.  ;Emilkowy piosennik;Hamerski Jerzy;2006;139;wiersze dziecięce;;;;;
167.  ;Seria niefortunnych zdarzeń, tom 10, Zjezdne zbocze;Handler Daniel;2005;351;fantastyka dziecięca;;;;;
166.  ;Przykry początek;Handler Daniel;2013;172;fantastyka dziecięca;;;;;
168.  ;13 zaklęć ;Harrison Michelle;2011;447;fantastyka młodzieżowa;;;;;
169.  ;Czik;Herrndorf Wolfgang;2013;231;literatura piękna;;;;;
170.  ;Wyspa;Horvath Polly;2010;277;literatura piękna;;;;;
171.  ;Urodzona o północy;Hunter C.C.;2014;365;fantastyka młodzieżowa;;;;;
172.  ;Czekolada z chili;Jagiełło Joanna;2013;304;literatura młodzieżowa;;;;;
173.  ;Tiramisu z truskawkami;Jagiełło Joanna;2016;312;literatura młodzieżowa;;;;;
178.  ;Małe trolle i duża powódź;Jansson Tove;1998;54;literatura dziecięca;;;;;
174.  ;Dolina Muminków w listopadzie;Jansson Tove;2000;159;literatura dziecięca;;;;;
182.  ;W Dolinie Muminków;Jansson Tove;2001;150;literatura dziecięca;;;;;
180.  ;Pamiętniki Tatusia Muminka;Jansson Tove;2003;172;literatura dziecięca;;;;;
175.  ;Kometa nad Doliną Muminków;Jansson Tove;2006;197;literatura dziecięca;;;;;
177.  ;Lato Muminków;Jansson Tove;2006;183;literatura dziecięca;;;;;
181.  ;Tatuś Muminka i morze;Jansson Tove;2006;276;literatura dziecięca;;;;;
183.  ;Zima Muminków;Jansson Tove;2006;163;literatura dziecięca;;;;;
176.  ;Lato;Jansson Tove;2007;210;literatura dziecięca;;;;;
179.  ;Opowiadania z Doliny Muminków;Jansson Tove;2007;208;literatura dziecięca;;;;;
184.  ;Śladami Pitagorasa;Jeleński Szczepan;1974;291;inne;;;;;
185.  ;Bezimienny anioł;Jooss Erich;2005;101;literatura dziecięca;;;;;
186.  ;Książka nad książkami;Kamieńska Anna;2006;352;literatura dziecięca;;;;;
187.  ;Hermes 9:10;Karwan-Jastrzębska Ewa;2008;183;literatura dziecięca;;;;;
189.  ;Mity dla dzieci;Kasdepke Grzegorz;2003;55;literatura dziecięca;;;;;
188.  ;Mity dla dzieci;Kasdepke Grzegorz;2009;103;literatura dziecięca;;;;;
190.  ;35 maja;Kastner Erich;2006;71;literatura dziecięca;;;;;
192.  ;Łapy, pióra i rymów cała fura;Kern Ludwik Jerzy;2002;39;wiersze dziecięce;;;;;
191.  ;Ferdynand Wspaniały;Kern Ludwik Jerzy;2006;135;literatura dziecięca;;;;;
194.  ;Księga dżungli;Kipling Rudyard;2008;159;literatura dziecięca;;;;;
193.  ;Księga dżungli;Kipling Rudyard;2016;261;literatura dziecięca;;;;;
195.  ;Poznańmy się!;Knapowska-Niziołek Magdalena;2013;103;literatura dziecięca;;;;;
197.  ;Solilandia, tom 2, Wyprawa do Kryształowej Groty;Kołodziej Beata;2006;163;literatura dziecięca;;;;;
196.  ;Solilandia, tom 1,Pamiętniki wielickiego skrzata;Kołodziej Beata;2007;117;literatura dziecięca;;;;;
198.  ;O krasnoludkach i sierotce Marysi;Konopncka Maria;2010;199;literatura dziecięca;;;;;
199.  ;Król Maciuś Pierwszy;Korczak Janusz;2005;256;literatura dziecięca;;;;;
200.  ;39 wskazówek, tom 2, Fałszywa nuta;Korman Gordon;2012;191;fantastyka dziecięca;;;;;
207.  ;Feliks, Net i Nika, tom 07, Feliks, Net i Nika oraz Trzecia kuzynka;Kosik Rafał;2009;458;fantastyka młodzieżowa;;;;;
205.  ;Feliks, Net i Nika, tom 05, Feliks, Net i Nika oraz Orbitalny spisek;Kosik Rafał;2010;418;fantastyka młodzieżowa;;;;;
206.  ;Feliks, Net i Nika, tom 06, Feliks, Net i Nika oraz Orbitalny spisek 2, Mała armia;Kosik Rafał;2010;461;fantastyka młodzieżowa;;;;;
201.  ;Feliks, Net i Nika, tom 01, Feliks, Net i Nika oraz Gang niewidzialnych ludzi;Kosik Rafał;2011;375;fantastyka młodzieżowa;;;;;
202.  ;Feliks, Net i Nika, tom 02, Feliks, Net i Nika oraz Teoretycznie możliwa katastrofa;Kosik Rafał;2011;532;fantastyka młodzieżowa;;;;;
203.  ;Feliks, Net i Nika, tom 03, Feliks, Net i Nika oraz Pałac snów;Kosik Rafał;2011;458;fantastyka młodzieżowa;;;;;
204.  ;Feliks, Net i Nika, tom 04, Feliks, Net i Nika oraz Pułapka nieśmiertelności;Kosik Rafał;2011;529;fantastyka młodzieżowa;;;;;
208.  ;Feliks, Net i Nika, tom 08, Feliks, Net i Nika oraz Bunt maszyn;Kosik Rafał;2011;486;fantastyka młodzieżowa;;;;;
209.  ;Feliks, Net i Nika, tom 09, Feliks, Net i Nika oraz Świat Zero;Kosik Rafał;2011;467;fantastyka młodzieżowa;;;;;
210.  ;Feliks, Net i Nika, tom 10, Feliks, Net i Nika oraz Świat Zero 2, Alternauci;Kosik Rafał;2012;604;fantastyka młodzieżowa;;;;;
211.  ;Feliks, Net i Nika, tom 12, Feliks, Net i Nika oraz Sekret Czerwonej Hańczy;Kosik Rafał;2013;494;fantastyka młodzieżowa;;;;;
212.  ;Feliks, Net i Nika, tom 13, Feliks, Net i Nika oraz Klątwa domu McKillianów;Kosik Rafał;2014;398;fantastyka młodzieżowa;;;;;
213.  ;Feliks, Net i Nika, tom 14, Feliks, Net i Nika oraz (nie)Bezpieczne dorastanie;Kosik Rafał;2015;429;fantastyka młodzieżowa;;;;;
214.  ;Buba;Kosmowska Barbara;2010;253;literatura młodzieżowa;;;;;
215.  ;Buba, tom 2, Sezon ogórkowy;Kosmowska Barbara;2012;238;literatura młodzieżowa;;;;;
216.  ;Niechciana;Kosmowska Barbara;2013;182;literatura młodzieżowa;;;;;
217.  ;Puszka;Kosmowska Barbara;2014;189;literatura młodzieżowa;;;;;
218.  ;Stara baśń;Kraszewski Ignacy;2012;261;klasyka;;;;;
219.  ;Godzina pąsowej róży;Kruger Maria;2013;288;literatura młodzieżowa;;;;;
220.  ;Czarnoksiężnik z Archipelagu;Le Guin K. Ursula;2006;196;fantasy;;;;;
221.  ;Zabić drozda;Lee Harper;2006;365;literatura młodzieżowa;;;;;
222.  ;39 wskazówek, tom 3, Złodziej miecza;Lerangis Peter;2012;174;fantastyka dziecięca;;;;;
223.  ;Przygody Sindbada Żeglarza;Leśmian Bolesław;1965;210;literatura dziecięca;;;;;
224.  ;Opowieści z Narnii, tom 1, Lew, czarownica i stara szafa;Lewis C. S.;2005;182;fantasy;;;;;
225.  ;Opowieści z Narnii, tom 1, Lew, czarownica i stara szafa;Lewis C. S.;2005;182;fantasy;;;;;
226.  ;Opowieści z Narnii, tom 2, Książę Kaspian;Lewis C. S.;2005;221;fantasy;;;;;
227.  ;"Opowieści z Narnii, tom 3, Podróż ""Wędrowca do Świtu""";Lewis C. S.;2005;246;fantasy;;;;;
228.  ;Opowieści z Narnii, tom 4, Srebrne krzesło;Lewis C. S.;2005;234;fantasy;;;;;
229.  ;Opowieści z Narnii, tom 5, Koń i jego chłopiec;Lewis C. S.;2005;214;fantasy;;;;;
230.  ;Opowieści z Narnii, tom 6, Siostrzeniec czarodzieja;Lewis C. S.;2005;201;fantasy;;;;;
231.  ;Opowieści z Narnii, tom 7, Ostatnia bitwa;Lewis C. S.;2005;195;fantasy;;;;;
232.  ;Piaskowy wilk;Lind Asa;2007;120;literatura dziecięca;;;;;
236.  ;Dzieci z Bullerbyn;Lindgren Astrid;1994;286;literatura dziecięca;;;;;
241.  ;Mio, mój Mio;Lindgren Astrid;2004;198;literatura dziecięca;;;;;
245.  ;Rasmus i włóczęga;Lindgren Astrid;2004;175;literatura dziecięca;;;;;
233.  ;Bracia Lwie Serce;Lindgren Astrid;2005;205;literatura dziecięca;;;;;
239.  ;Madika i berbeć z Czerwcowego Wzgórza;Lindgren Astrid;2005;214;literatura dziecięca;;;;;
240.  ;Madika z Czerwcowego Wzgórza;Lindgren Astrid;2005;157;literatura dziecięca;;;;;
244.  ;Pippi Pończoszanka;Lindgren Astrid;2005;140;literatura dziecięca;;;;;
247.  ;Ronja, córka zbójnika;Lindgren Astrid;2005;202;literatura dziecięca;;;;;
234.  ;Detektyw Blomkvist i Rasmus, rycerz Białej Róży;Lindgren Astrid;2006;157;literatura dziecięca;;;;;
242.  ;My na wyspie Saltkrakan;Lindgren Astrid;2006;254;literatura dziecięca;;;;;
243.  ;Pippi na Południowym Pacyfiku;Lindgren Astrid;2006;125;literatura dziecięca;;;;;
248.  ;Zwierzenia Britt-Mari;Lindgren Astrid;2006;134;literatura dziecięca;;;;;
235.  ;Dzieci z Bullerbyn;Lindgren Astrid;2010;373;literatura dziecięca;;;;;
238.  ;Kerstin i ja;Lindgren Astrid;2010;167;literatura dziecięca;;;;;
237.  ;Emil ze Smalandii i Lotta z ulicy Awanturników;Lindgren Astrid;2006;103;literatura dziecięca;;;;;
246.  ;Ronja, córka zbójnika;Lindgren Astrid;2006;188;literatura dziecięca;;;;;
249.  ;Wspomnienia o przeszłości Ziemi, tom 1, Problem trzech ciał;Liu Cixin;2017;444;science fiction;;;;;
250.  ;Wspomnienia o przeszłości Ziemi, tom 2, Ciemny las;Liu Cixin;2017;671;science fiction;;;;;
251.  ;Babcia na jabłoni;Lobe Mira;2007;164;literatura dziecięca;;;;;
252.  ;Dawca;Lowry Lois;2003;206;fantastyka młodzieżowa;;;;;
253.  ;Nikczemny spisek;Lowry Lois;2009;159;fantastyka młodzieżowa;;;;;
255.  ;Skrawki błękitu;Lowry Lois;2014;289;fantastyka młodzieżowa;;;;;
254.  ;Posłaniec;Lowry Lois;2015;237;fantastyka młodzieżowa;;;;;
256.  ;Syn;Lowry Lois;2015;387;fantastyka młodzieżowa;;;;;
258.  ;Dotyk Julii, tom 2, Sekret Julii ;Mafi Tahereh;2013;437;fantastyka młodzieżowa;;;;;
257.  ;Dotyk Julii;Mafi Tahereh;2014;330;fantastyka młodzieżowa;;;;;
259.  ;Dotyk Julii, tom 3, Dar Julii;Mafi Tahereh;2014;383;fantastyka młodzieżowa;;;;;
260.  ;Pierścień i róża;Makepeace Thackey William;2004;131;literatura dziecięca;;;;;
261.  ;Diossos;Makowiecki Witold;2006;215;literatura dziecięca;;;;;
262.  ;Bezgrzeszne lata;Makuszyński Kornel;1986;158;literatura piękna;;;;;
263.  ;Panna z mokrą głową;Makuszyński Kornel;1996;199;literatura piękna;;;;;
264.  ;Czerwone kszesło;Maleszka Andrzej;2009;239;fantastyka dziecięca;;;;;
265.  ;68 pokojów;Malone Marianne;2010;267;fantastyka dziecięca;;;;;
266.  ;68 pokojów, tom 2, Złodziejka czarów;Malone Marianne;2011;246;fantastyka dziecięca;;;;;
267.  ;Pies, który biegł ku gwieździe;Mankell Henning;2008;183;literatura dziecięca;;;;;
268.  ;Baśnie z dalekich wysp i lądów;Markowska Wanda, Milska Anna;2006;299;literatura dziecięca;;;;;
269.  ;Jutro, tom 1, Kiedy zaczęła się wojna;Marsden John;2011;270;literatura młodzieżowa;;;;;
270.  ;Jutro, tom 2, W pułapce nocy;Marsden John;2011;269;literatura młodzieżowa;;;;;
271.  ;Jutro, tom 3, W objęciach chłodu;Marsden John;2011;269;literatura młodzieżowa;;;;;
272.  ;Życie Pi;Martel Yann;2013;399;literatura młodzieżowa;;;;;
273.  ;Pieśń lodu i ognia, tom 1, Gra o tron;Martin George R. R.;2011;838;fantasy;;;;;
274.  ;Pieśń lodu i ognia, tom 2, Starcie królów;Martin George R. R.;2012;970;fantasy;;;;;
275.  ;Pieśń lodu i ognia, tom 3, Nawałnica mieczy, część 1, Stal i śnieg;Martin George R. R.;2013;673;fantasy;;;;;
276.  ;Pieśń lodu i ognia, tom 3, Nawałnica mieczy, część 2, Krew i złoto;Martin George R. R.;2014;577;fantasy;;;;;
277.  ;Szklany tron;Mass J. Sarah;2013;512;fantastyka młodzieżowa;;;;;
278.  ;Szklany tron, tom 2, Korona w mroku;Mass J. Sarah;2014;492;fantastyka młodzieżowa;;;;;
279.  ;Szklany tron, tom 3, Dziedzictwo ognia;Mass J. Sarah;2015;654;fantastyka młodzieżowa;;;;;
280.  ;Arkadia, tom 1, Przebudzenie Arkadii;Meyer Kai;2013;444;fantastyka młodzieżowa;;;;;
281.  ;Arkadia, tom 2, Arkadia płonie;Meyer Kai;2014;412;fantastyka młodzieżowa;;;;;
282.  ;Arkadia, tom 3, Upadek Arkadii;Meyer Kai;2014;452;fantastyka młodzieżowa;;;;;
284.  ;Grażyna;Mickiewicz Adam;2010;162;klasyka;;;;;
285.  ;Konrad Wallenrod;Mickiewicz Adam;2010;37;klasyka;;;;;
283.  ;Ballady i romanse;Mickiewicz Adam;2011;65;klasyka;;;;;
286.  ;Mrówańcza;Mielnikow Rusłan;2014;359;science fiction;;;;;
287.  ;Aplikacja;Miller Lauren;2015;454;fantastyka młodzieżowa;;;;;
288.  ;Kubuś Puchatek;Milne A. A.;2009;137;literatura dziecięca;;;;;
290.  ;Rumo i cuda w ciemnościach;Moers Walter;2008;683;fantasy;;;;;
289.  ;Kot alchemika;Moers Walter;2010;362;fantasy;;;;;
293.  ;Ania z Zielonego Wzgórza, tom 2, Ania z Avonlea;Montgomery Lucy Maud;1988;234;literatura młodzieżowa;;;;;
294.  ;Ania z Zielonego Wzgórza, tom 3, Ania na uniwersytecie;Montgomery Lucy Maud;1988;237;literatura młodzieżowa;;;;;
296.  ;Ania z Zielonego Wzgórza, tom 8, Rilla ze Złotego Brzegu;Montgomery Lucy Maud;1989;237;literatura młodzieżowa;;;;;
295.  ;Ania z Zielonego Wzgórza, tom 6, Ania ze Złotego Brzegu;Montgomery Lucy Maud;1990;287;literatura młodzieżowa;;;;;
291.  ;Ania z Zielonego Wzgórza;Montgomery Lucy Maud;2004;245;literatura młodzieżowa;;;;;
292.  ;Ania z Zielonego Wzgórza;Montgomery Lucy Maud;2006;155;literatura młodzieżowa;;;;;
297.  ;Pat ze Srebrnego Gaju;Montgomery Lucy Maud;2006;334;literatura młodzieżowa;;;;;
299.  ;Baśniobór, tom 2, Gwiazda Wieczorna wschodzi;Mull Brandon;2011;405;fantastyka dziecięca;;;;;
298.  ;Baśniobór;Mull Brandon;2012;336;fantastyka dziecięca;;;;;
300.  ;Baśniobór, tom 3, Plaga cieni;Mull Brandon;2012;452;fantastyka dziecięca;;;;;
301.  ;Baśniobór, tom 4, Tajemnice smoczego azylu;Mull Brandon;2012;502;fantastyka dziecięca;;;;;
302.  ;Baśniobór, tom 5, Klucze do więzienia demonów;Mull Brandon;2013;548;fantastyka dziecięca;;;;;
303.  ;Konkurs;Murphy Julie;2015;303;literatura młodzieżowa;;;;;
304.  ;Mój dziadek był drzewem czereśniowym;Nanetti Angela;2007;181;literatura dziecięca;;;;;
305.  ;Historia amuletu;Nesbit Edith;2010;314;literatura dziecięca;;;;;
308.  ;Wszystko, tylko nie mięta;Nowak Ewa;2012;229;literatura młodzieżowa;;;;;
306.  ;Kiedyś na pewno;Nowak Ewa;2013;309;literatura młodzieżowa;;;;;
307.  ;Niebieskie migdały;Nowak Ewa;2014;516;literatura młodzieżowa;;;;;
309.  ;7 razy dziś;Oliver Lauren;2015;379;literatura młodzieżowa;;;;;
310.  ;Panika;Oliver Lauren;2016;358;literatura młodzieżowa;;;;;
312.  ;Maciek i łowcy duchów;Onichimowska Anna;2009;167;literatura młodzieżowa;;;;;
311.  ;Dziesięć stron świata;Onichimowska Anna;2015;182;literatura młodzieżowa;;;;;
314.  ;Etyka;Opracowanie zbiorowe;2012;306;filozofia, etyka;;;;;
313.  ;Bajki wierszem;Opracowanie zbiorowe;2006;245;literatura dziecięca;;;;;
316.  ;Rok 1984;Orwell George;2014;336;literatura piękna;;;;;
315.  ;Folwark zwierzęcy;Orwell George;2015;122;literatura piękna;;;;;
317.  ;Pasjans;Oseman Alice;2016;363;literatura młodzieżowa;;;;;
318.  ;Słoń Birrara;Ossendowski Ferdynand Antoni;2006;143;literatura dziecięca;;;;;
319.  ;Misia rządzi;Ostrowicka Beata;2013;171;literatura młodzieżowa;;;;;
320.  ;Zaledwie kilka dni;Ostrowicka Beata;2014;134;literatura młodzieżowa;;;;;
321.  ;Zła dziewczyna;Ostrowicka Beata;2014;204;literatura młodzieżowa;;;;;
322.  ;Przygody Sajo i małych bobrów;Owl Grey;2006;159;literatura dziecięca;;;;;
323.  ;Przygody Odyseusza;Parandowski Jan;1994;117;literatura dziecięca;;;;;
324.  ;Most do Terabithii;Paterson Katherine;2007;235;literatura dziecięca;;;;;
325.  ;Most do Terabithii;Paterson Katherine;2006;111;literatura dziecięca;;;;;
326.  ;Rój;Paull Laline;2016;382;literatura piękna;;;;;
327.  ;Najlepsza książka na świecie;Payne Jan;2009;251;literatura dziecięca;;;;;
328.  ;Bajki filozoficzne;Piquemal Michel;2006;123;literatura dziecięca;;;;;
329.  ;Świat dysku, tom 01, Kolor magii;Pratchett Terry;1994;203;fantasy;;;;;
335.  ;Świat dysku, tom 17, Ciekawe czasy;Pratchett Terry;2003;304;fantasy;;;;;
336.  ;Świat dysku, tom 22, Ostatni kontynent;Pratchett Terry;2006;302;fantasy;;;;;
331.  ;Świat dysku, tom 03, Równoumagicznienie;Pratchett Terry;2011;198;fantasy;;;;;
333.  ;Świat dysku, tom 07, Piramidy;Pratchett Terry;2011;275;fantasy;;;;;
334.  ;Świat dysku, tom 08, Straż! Straż!;Pratchett Terry;2011;301;fantasy;;;;;
332.  ;Świat dysku, tom 04, Mort;Pratchett Terry;2012;231;fantasy;;;;;
330.  ;Świat dysku, tom 02, Blask fantastyczny;Pratchett Terry;2013;190;fantasy;;;;;
337.  ;Długa Ziemia;Pratchett Terry, Baxter Stephen;2013;358;science fiction;;;;;
338.  ;Długa Ziemia, tom 2, Długa Wojna;Pratchett Terry, Baxter Stephen;2014;441;science fiction;;;;;
339.  ;Długa Ziemia, tom 3, Długi Mars;Pratchett Terry, Baxter Stephen;2015;366;science fiction;;;;;
340.  ;Długa Ziemia, tom 4, Długa Utopia;Pratchett Terry, Baxter Stephen;2016;373;science fiction;;;;;
341.  ;Długa Ziemia, tom 5, Długi Kosmos;Pratchett Terry, Baxter Stephen;2017;397;science fiction;;;;;
342.  ;Malutka czarownica;Preussler Otfried;2009;156;literatura dziecięca;;;;;
343.  ;Starter;Price Lissa;2015;400;fantastyka młodzieżowa;;;;;
357.  ;Percy Jackson i bogowie olimpijscy, tom 2, Morze potworów;Riordan Rick;2009;276;fantastyka dziecięca;;;;;
356.  ;Percy Jackson i bogowie olimpijscy, tom 1, Złodziej pioruna;Riordan Rick;2010;358;fantastyka dziecięca;;;;;
358.  ;Percy Jackson i bogowie olimpijscy, tom 3, Klątwa tytana;Riordan Rick;2010;308;fantastyka dziecięca;;;;;
359.  ;Percy Jackson i bogowie olimpijscy, tom 4, Bitwa w labiryncie;Riordan Rick;2010;360;fantastyka dziecięca;;;;;
360.  ;Percy Jackson i bogowie olimpijscy, tom 5, Ostatni olimpijczyk;Riordan Rick;2010;373;fantastyka dziecięca;;;;;
345.  ;Archiwum herosów;Riordan Rick;2011;141;fantastyka dziecięca;;;;;
348.  ;Kroniki rodu Kane, tom 1, Czerwona piramida;Riordan Rick;2011;540;fantastyka dziecięca;;;;;
349.  ;Kroniki rodu Kane, tom 2, Ognisty tron;Riordan Rick;2011;449;fantastyka dziecięca;;;;;
351.  ;Olimpijscy herosi, tom 1, Zagubiony heros;Riordan Rick;2011;520;fantastyka dziecięca;;;;;
344.  ;39 wskazówek, tom 1, Labirnt kości;Riordan Rick;2012;239;fantastyka dziecięca;;;;;
350.  ;Kroniki rodu Kane, tom 3, Cień węża;Riordan Rick;2012;410;fantastyka dziecięca;;;;;
352.  ;Olimpijscy herosi, tom 2, Syn Neptuna;Riordan Rick;2012;475;fantastyka dziecięca;;;;;
353.  ;Olimpijscy herosi, tom 3, Znak Ateny;Riordan Rick;2012;525;fantastyka dziecięca;;;;;
354.  ;Olimpijscy herosi, tom 4, Dom Hadesa;Riordan Rick;2013;539;fantastyka dziecięca;;;;;
355.  ;Olimpijscy herosi, tom 5, Krew Olimpu;Riordan Rick;2014;474;fantastyka dziecięca;;;;;
346.  ;Berło Serapisa i inne opowiadania;Riordan Rick;2016;527;fantastyka dziecięca;;;;;
347.  ;Big red tequilla;Riordan Rick;2016;459;fantastyka dziecięca;;;;;
361.  ;Cztery;Roth Veronica;2014;301;fantastyka młodzieżowa;;;;;
362.  ;Niezgodna;Roth Veronica;2014;349;fantastyka młodzieżowa;;;;;
364.  ;Niezgodna, tom 3, Wierna;Roth Veronica;2014;377;fantastyka młodzieżowa;;;;;
363.  ;Niezgodna, tom 2, Zbuntowana;Roth Veronica;2015;365;fantastyka młodzieżowa;;;;;
365.  ;Harry Potter, tom 1, Harry Potter i kamień filozoficzny;Rowling J. K.;2000;319;fantastyka dziecięca;;;;;
366.  ;Harry Potter, tom 2, Harry Potter i komnata tajemnic;Rowling J. K.;2000;356;fantastyka dziecięca;;;;;
367.  ;Harry Potter, tom 3, Harry Potter i więzień Askabanu;Rowling J. K.;2001;450;fantastyka dziecięca;;;;;
368.  ;Harry Potter, tom 4, Harry Potter i czara ognia;Rowling J. K.;2001;759;fantastyka dziecięca;;;;;
369.  ;Harry Potter, tom 5, Harry Potter i Zakon Feniksa;Rowling J. K.;2004;949;fantastyka dziecięca;;;;;
370.  ;Harry Potter, tom 6, Harry Potter i książę Półkrwi;Rowling J. K.;2006;696;fantastyka dziecięca;;;;;
371.  ;Harry Potter, tom 7, Harry Potter i insygnia śmierci;Rowling J. K.;2008;774;fantastyka dziecięca;;;;;
372.  ;Absurdy PRL-u;Rychlewski Marcin;2006;202;inne;;;;;
376.  ;Septimus Heap, tom 4, Tajemna wyprawa;Sage Angie;2008;470;fantastyka dziecięca;;;;;
373.  ;Septimus Heap, tom 1, Zakazana magia;Sage Angie;2011;475;fantastyka dziecięca;;;;;
374.  ;Septimus Heap, tom 2, Smoczy lot;Sage Angie;2011;414;fantastyka dziecięca;;;;;
375.  ;Septimus Heap, tom 3, Duch królowej;Sage Angie;2011;422;fantastyka dziecięca;;;;;
377.  ;Septimus Heap, tom 5, Zemsta syreny;Sage Angie;2011;478;fantastyka dziecięca;;;;;
378.  ;Septimus Heap, tom 6, Złowieszczy mrok;Sage Angie;2012;499;fantastyka dziecięca;;;;;
379.  ;Buszujący w zbożu;Salinger Jerome David;1988;190;literatura młodzieżowa;;;;;
380.  ;Archiwum burzowego światła, tom 1, Droga królów;Sanderson Brandon;2014;954;fantasy;;;;;
381.  ;Archiwum burzowego światła, tom 2, Słowa światłości;Sanderson Brandon;2016;952;fantasy;;;;;
384.  ;Rozjemca;Sanderson Brandon;2016;628;fantasy;;;;;
382.  ;Archiwum burzowego światła, tom 3, Dawca Przysięgi I;Sanderson Brandon;2017;539;fantasy;;;;;
383.  ;Legion;Sanderson Brandon;2017;206;science fiction;;;;;
385.  ;Oskar i pani Róża;Schmitt Eric-Emmanuel;2010;78;literatura dziecięca;;;;;
386.  ;Sekrety nieśmiertelnego Nicolasa Flamela, tom 1, Alchemik;Scott Michael;2008;313;fantastyka dziecięca;;;;;
387.  ;Sekrety nieśmiertelnego Nicolasa Flamela, tom 2, Mag;Scott Michael;2009;368;fantastyka dziecięca;;;;;
388.  ;Sekrety nieśmiertelnego Nicolasa Flamela, tom 3, Czarodziejka;Scott Michael;2010;380;fantastyka dziecięca;;;;;
389.  ;Sekrety nieśmiertelnego Nicolasa Flamela, tom 4, Nekromanta;Scott Michael;2011;327;fantastyka dziecięca;;;;;
390.  ;Sekrety nieśmiertelnego Nicolasa Flamela, tom 5, Wiarołomca;Scott Michael;2012;311;fantastyka dziecięca;;;;;
391.  ;Sekrety nieśmiertelnego Nicolasa Flamela, tom 6, Wiedźma;Scott Michael;2013;430;fantastyka dziecięca;;;;;
392.  ;Ogień i woda;Scott Victoria;2015;363;fantastyka młodzieżowa;;;;;
393.  ;Ogień i woda, tom 2, Kamień i sól;Scott Victoria;2016;365;fantastyka młodzieżowa;;;;;
394.  ;The Bone Season, tom 1, Czas żniw;Shannon Samantha ;2013;497;fantastyka młodzieżowa;;;;;
395.  ;The Bone Season, tom 2, Zakon mimów;Shannon Samantha ;2015;528;fantastyka młodzieżowa;;;;;
396.  ;The Bone Season, tom 3, Pieśń jutra;Shannon Samantha ;2017;419;fantastyka młodzieżowa;;;;;
398.  ;Pretty Little Liars, tom 2, Bez skazy;Shepard Sara;2011;312;literatura młodzieżowa;;;;;
399.  ;Pretty Little Liars, tom 3, Doskonałe;Shepard Sara;2011;291;literatura młodzieżowa;;;;;
400.  ;Pretty Little Liars, tom 4, Niewiarygodne;Shepard Sara;2014;318;literatura młodzieżowa;;;;;
397.  ;Pretty Little Liars, tom 1, Kłamczuchy;Shepard Sara;2015;278;literatura młodzieżowa;;;;;
401.  ;W pustyni i w puszczy;Sienkiewicz Henryk;2010;527;literatura młodzieżowa;;;;;
402.  ;Kraksa;Spinelli Jerry;2006;157;literatura dziecięca;;;;;
403.  ;Pieśn delfina;St John Lauren;2010;269;literatura dziecięca;;;;;
404.  ;Tajemnica klejnotu Nefertiti;Stelmaszyk Agnieszka;2011;239;literatura dziecięca;;;;;
405.  ;Wyspa skarbów;Stevenson Robert Louis;1988;191;literatura dziecięca;;;;;
406.  ;Drżenie;Stiefvater Maggie;2015;459;fantastyka młodzieżowa;;;;;
407.  ;Służące;Stockett Kathryn;2010;571;fikcja historyczna;;;;;
408.  ;Rady nie od parady;Strzałkowska Małgorzata;2006;67;wiersze dziecięce;;;;;
409.  ;Sprawiedliwość owiec;Swann Leonie;2006;262;kryminał;;;;;
410.  ;Czarny młyn;Szczygielski Marcin;2011;247;literatura dziecięca;;;;;
411.  ;Tomek w krainie kangurów;Szklarski Alfred;2008;260;literatura dziecięca;;;;;
412.  ;Czworo i kości;Szymeczko Kazimierz;2011;127;literatura młodzieżowa;;;;;
413.  ;Etyka dla myślących;Środa Magdalena;2011;327;filozofia, etyka;;;;;
414.  ;Wilken, tom 1, Bracia krwi;Toft Di;2010;309;fantastyka dziecięca;;;;;
415.  ;Wilken, tom 2, Cyrk półmroku;Toft Di;2011;363;fantastyka dziecięca;;;;;
416.  ;Wilken, tom 3, Czas złego wilka;Toft Di;2011;299;fantastyka dziecięca;;;;;
417.  ;Hobbit;Tolkien J. R. R.;2012;314;fantasy;;;;;
418.  ;Władca pierścieni;Tolkien J. R. R.;2012;1132;fantasy;;;;;
419.  ;Zagubiony w Chinach;Troost J. Maarten;2015;369;literatura faktu;;;;;
420.  ;Wiersze;Tuwim Julian;2008;47;wiersze dziecięce;;;;;
421.  ;Wiersze i wierszyki;Tuwim Julian;2006;61;wiersze dziecięce;;;;;
422.  ;8+2 i ciężarówka;Vestly Anne-Cath.;2006;126;literatura dziecięca;;;;;
424.  ;Wesołe miasteczko;Waśniowska Emilia;2004;35;wiersze dziecięce;;;;;
423.  ;Pamiątki babuni;Waśniowska Emilia;2006;47;wiersze dziecięce;;;;;
425.  ;39 wskazówek, tom 4, Sekret grobowca;Watson Jude;2013;207;fantastyka dziecięca;;;;;
426.  ;Wierszykarnia;Wawiłow Danuta;2003;99;wiersze dziecięce;;;;;
427.  ;Biuro detektywistyczne Lassego i Mai, tom 01, Tajemnica diamentów;Widmark Maratin;2008;74;literatura dziecięca;;;;;
428.  ;Biuro detektywistyczne Lassego i Mai, tom 02, Tajemnica hotelu;Widmark Maratin;2009;69;literatura dziecięca;;;;;
429.  ;Biuro detektywistyczne Lassego i Mai, tom 03, Tajemnica cyrku;Widmark Maratin;2009;73;literatura dziecięca;;;;;
430.  ;Biuro detektywistyczne Lassego i Mai, tom 04, Tajemnca kawiarni;Widmark Maratin;2009;74;literatura dziecięca;;;;;
431.  ;Biuro detektywistyczne Lassego i Mai, tom 05, Tajemnica mumii;Widmark Maratin;2009;83;literatura dziecięca;;;;;
432.  ;Biuro detektywistyczne Lassego i Mai, tom 06, Tajemnica kina;Widmark Maratin;2009;86;literatura dziecięca;;;;;
433.  ;Biuro detektywistyczne Lassego i Mai, tom 07, Tajemnica pociągu;Widmark Maratin;2010;87;literatura dziecięca;;;;;
434.  ;Biuro detektywistyczne Lassego i Mai, tom 08, Tajemnica gazety;Widmark Maratin;2010;90;literatura dziecięca;;;;;
435.  ;Biuro detektywistyczne Lassego i Mai, tom 08, Tajemnica gazety;Widmark Maratin;2010;90;literatura dziecięca;;;;;
436.  ;Biuro detektywistyczne Lassego i Mai, tom 09, Tajemnica szkoły;Widmark Maratin;2010;86;literatura dziecięca;;;;;
437.  ;Biuro detektywistyczne Lassego i Mai, tom 10, Tajemnica złota;Widmark Maratin;2010;88;literatura dziecięca;;;;;
441.  ;Pamniętnik detektywa;Widmark Maratin;2010;91;literatura dziecięca;;;;;
438.  ;Biuro detektywistyczne Lassego i Mai, tom 11, Tajemnica szafranu;Widmark Maratin;2011;86;literatura dziecięca;;;;;
439.  ;Biuro detektywistyczne Lassego i Mai, tom 12, Tajemnica zwierząt ;Widmark Maratin;2011;95;literatura dziecięca;;;;;
440.  ;Biuro detektywistyczne Lassego i Mai, tom 13, Tajemnica biblioteki;Widmark Maratin;2011;80;literatura dziecięca;;;;;
442.  ;Bromba i filozofia;Wojtyszko Maciej;2007;125;literatura dziecięca;;;;;
443.  ;Bromby i Fikandra wieczór autorski;Wojtyszko Maciej;2009;79;literatura dziecięca;;;;;
444.  ;Dużo śmiechu trochę smutku to historia o mamutku;Woroszylski Wiktor;2008;63;literatura dziecięca;;;;;
445.  ;Ludzie na drzewach;Yanagihara Hanya;2017;440;literatura piękna;;;;;
446.  ;Piąta fala;Yancey Rick;2016;503;fantastyka młodzieżowa;;;;;
447.  ;Co ty mówisz?!;Załazińska Aneta;2013;111;inne;;;;;
448.  ;Moralność Pani Dulskiej;Zapolska Gabriela;2010;83;klasyka;;;;;
449.  ;Żabusia;Zapolska Gabriela;2010;58;klasyka;;;;;
450.  ;Fretki;Zas Agnieszka;2006;46;inne;;;;;
451.  ;Miniatury matematyczne;Zespół redakcyjny;1998;114;inne;;;;;
452.  ;Pomyśl tylko życzenie;Zienkiewicz Ewa;2012;180;literatura młodzieżowa;;;;;

